{
    "nav_error": [
        2.3069102771569354,
        1.6837148233593473,
        1.0220593510652887,
        5.6942117764422875,
        1.7765463493106504,
        4.104168010761584,
        6.0753668494643,
        1.6286686999464468,
        3.170090016599499,
        12.694011231062252,
        4.018024488288829,
        18.733002014382933,
        1.2742781105724135,
        4.027969057028843,
        11.51037600535508,
        3.9984341763872084,
        2.736973447053961,
        0.8133362151041846,
        1.9049349250921934,
        1.564193674005877,
        8.818304607453502,
        10.04618759109267,
        13.722834342994805,
        6.154399099853698,
        4.962387482944881,
        3.631254034175833,
        2.8532931291806793,
        7.5377135290118895,
        39.88153910119282,
        4.015628360569448,
        0,
        4.039661601388795,
        3.445434353262354,
        16.854896723297312,
        14.822602097359667,
        7.654251430815779,
        2.7476784298002466,
        8.840750384521336,
        2.2788419996349027,
        2.8314168678017975,
        5.441851948966356,
        2.2582009327734367,
        6.930275410744223,
        2.221298068495086,
        11.022613174907603,
        12.471464041503433,
        0,
        5.680315381652174,
        10.329860043710536,
        16.09387829448122
    ],
    "oracle_error": [
        0,
        0,
        1.0220593510652887,
        5.6942117764422875,
        1.7765463493106504,
        2.7606908414713875,
        6.0753668494643,
        1.6286686999464468,
        3.170090016599499,
        7.814160290965129,
        4.018024488288829,
        14.219540459595368,
        1.2742781105724135,
        3.936078960534643,
        9.009495556171558,
        3.006840167053758,
        0,
        0.8133362151041846,
        1.9049349250921934,
        1.564193674005877,
        8.818304607453502,
        6.43413186431002,
        9.175513928066508,
        6.154399099853698,
        3.7305200027694845,
        3.631254034175833,
        2.8532931291806793,
        7.5377135290118895,
        14.140868350503546,
        2.633948233014461,
        0,
        3.159141807730558,
        3.445434353262354,
        12.357581986246323,
        11.087797627830238,
        7.654251430815779,
        2.7476784298002466,
        6.659382232764049,
        2.2788419996349027,
        2.8314168678017975,
        2.7154179001582808,
        2.2582009327734367,
        5.532443338818275,
        0,
        10.597207797365787,
        8.307245875653924,
        0,
        4.765060846672971,
        5.621463596704944,
        8.134269157566894
    ],
    "action_steps": [
        10,
        8,
        6,
        3,
        6,
        8,
        4,
        4,
        3,
        3,
        4,
        3,
        7,
        3,
        4,
        4,
        8,
        3,
        4,
        5,
        3,
        9,
        15,
        4,
        5,
        5,
        3,
        3,
        13,
        6,
        5,
        4,
        3,
        15,
        7,
        3,
        7,
        5,
        5,
        3,
        3,
        5,
        5,
        5,
        3,
        7,
        8,
        3,
        4,
        6
    ],
    "trajectory_steps": [
        10,
        8,
        6,
        3,
        6,
        8,
        4,
        4,
        3,
        3,
        4,
        3,
        7,
        3,
        4,
        4,
        8,
        3,
        4,
        5,
        3,
        9,
        15,
        4,
        5,
        5,
        3,
        3,
        13,
        6,
        5,
        4,
        3,
        15,
        7,
        3,
        7,
        5,
        5,
        3,
        3,
        5,
        5,
        5,
        3,
        7,
        8,
        3,
        4,
        6
    ],
    "trajectory_lengths": [
        19.781323415768814,
        15.34230765869765,
        6.662009491829496,
        7.583062874834319,
        11.910180663468097,
        17.21716843546916,
        11.074483090948338,
        7.967984650233747,
        8.588798765600906,
        8.027469226176297,
        9.90013329218351,
        7.605915521620003,
        4.1432861070881755,
        6.494488766714216,
        6.299360509262668,
        5.236029491982789,
        14.625757818596856,
        5.897584998725885,
        8.498731367146359,
        11.90108098197989,
        7.308167746046859,
        12.035499971407722,
        26.25212060578173,
        9.22528351815247,
        7.445331826106342,
        7.2367778823994025,
        3.20263718876117,
        8.931344876603672,
        27.08182797608003,
        9.917332243291478,
        10.967807342280699,
        8.712657416800567,
        4.697412109180208,
        26.41131454449473,
        15.597890042752422,
        11.048806148190046,
        13.842173827667404,
        12.624654684584382,
        11.734143520120641,
        3.866719474946175,
        10.82002238159603,
        14.108530608982191,
        9.673347649805121,
        12.503098946909622,
        3.8162262753378675,
        18.5253352561596,
        18.520315066373893,
        4.343731059197065,
        10.653494816100684,
        9.083961571543966
    ],
    "success": [
        1.0,
        1.0,
        1.0,
        0.0,
        1.0,
        0.0,
        0.0,
        1.0,
        0.0,
        0.0,
        0.0,
        0.0,
        1.0,
        0.0,
        0.0,
        0.0,
        1.0,
        1.0,
        1.0,
        1.0,
        0.0,
        0.0,
        0.0,
        0.0,
        0.0,
        0.0,
        1.0,
        0.0,
        0.0,
        0.0,
        1.0,
        0.0,
        0.0,
        0.0,
        0.0,
        0.0,
        1.0,
        0.0,
        1.0,
        1.0,
        0.0,
        1.0,
        0.0,
        1.0,
        0.0,
        0.0,
        1.0,
        0.0,
        0.0,
        0.0
    ],
    "spl": [
        0.5893686363084517,
        0.432779030549917,
        1.0,
        0.0,
        1.0,
        0.0,
        0.0,
        0.8065464866320269,
        0.0,
        0.0,
        0.0,
        0.0,
        1.0,
        0.0,
        0.0,
        0.0,
        0.511945842821831,
        1.0,
        0.8831261666845307,
        1.0,
        0.0,
        0.0,
        0.0,
        0.0,
        0.0,
        0.0,
        1.0,
        0.0,
        0.0,
        0.0,
        1.0,
        0.0,
        0.0,
        0.0,
        0.0,
        0.0,
        0.7329904702441086,
        0.0,
        0.9937754594419306,
        1.0,
        0.0,
        0.832811627503362,
        0.0,
        0.8223401991836494,
        0.0,
        0.0,
        0.7330561544412921,
        0.0,
        0.0,
        0.0
    ],
    "oracle_success": [
        1.0,
        1.0,
        1.0,
        0.0,
        1.0,
        1.0,
        0.0,
        1.0,
        0.0,
        0.0,
        0.0,
        0.0,
        1.0,
        0.0,
        0.0,
        0.0,
        1.0,
        1.0,
        1.0,
        1.0,
        0.0,
        0.0,
        0.0,
        0.0,
        0.0,
        0.0,
        1.0,
        0.0,
        0.0,
        1.0,
        1.0,
        0.0,
        0.0,
        0.0,
        0.0,
        0.0,
        1.0,
        0.0,
        1.0,
        1.0,
        1.0,
        1.0,
        0.0,
        1.0,
        0.0,
        0.0,
        1.0,
        0.0,
        0.0,
        0.0
    ],